QbVendorName,OmxVendorName
A HOMESTEAD SHOPPE,A Homestead Shoppe
Acadian Candle Company,Acadian Candle Company
Adventure Marketing,Adventure Marketing
"All My Walls-Recherche,LLC",All My Walls
All Resort Furnishings,All Resort Furnishings
Allen G Designs,Allen G Designs
Always Azul Pottery,Always Azul Pottery
ALWAYS UNIQUE,Always Unique
American Crystal,American Crystal
AMERICAN DAKOTA,American Dakota
American Furniture Classics,American Furniture Class
"American Natural Resources, Inc.",AmericanNaturalResources
AMERICAN WEST,American West
ANTLERWORX,Antlerworx
AROUND THE BEND,Around the Bend Willow
Art Carpet,Art Carpet
ART EFFECTS,Art Effects
"Arthur Court Designs, Inc.",Arthur Court
Artisans Gallery,Artisans Gallery
"Artistic & Custom Woodturning, Inc.",Artistic Custom Wood
AUSABLE WOODWORKING,AuSable Woodworking
Authentic Models,Authentic Models
Avalanche Ranch,Avalanche Ranch
"Avanti Linens, Inc.",Avanti Linens
Bacova Guild,Bacova Guild LTD.
"Barnett Products Company, Inc.",Barnett Products
Barrel Creations,Barrel Creations of Texas
BEL AIR LIGHTING,Bel Air Lighting
Blue River Traders,Blue River Traders
Blue Sky Clayworks,Blue Sky Clayworks
Brush Creek Trading Co,Brush Creek Trading Co
BS TRADING RUG,BS Trading
BUCK SNORT,Buck Snort Lodge Products
CAL LIGHTING,Cal Lighting
Cambridge of California,Cambridge of California
"Carstens Enterprises, Inc.",Carstens Enterprises
CAST HORN DESIGN,Cast Horn Designs
Cave Creek Designs,Cave Creek
Celebration Tablecloths,Cave Creek
Certified International Corporation,Certified International
CHANDLER 4 CORNERS,Chandler
Chesterfield Leather,Chesterfield Leather
Classic Forge LLC,Classic Forge
COAST LAMP,Coast Lamp Mfg Inc
Colorado Carpets,Colorado Carpets
COLORADO DALLAS LLC,Colorado Dallas
"Copper Art, LLC",Copper Art LLC
Copper Instincts,Copper Instincts
"Creative Bath Products, Inc.",Creative Bath Products
CREATIVE CO-OP,Creative Co-op
Crestview Collection,Crestview Collection
CRIPPLE CREEK,Cripple Creek Creations
"Crosses of Comfort, LLC",Crosses of Comfort
DECOBREEZE GPR,Deco Breeze
Desert Digs,Desert Digs
Designers Fountain,Designers Fountain
Ditz Designs,Ditz Designs
DONNA SHARP,Donna Sharp Inc.
EMILY                  LAKE LURE,Emily
EVERGREEN ENTERPRISES,Evergreen Enterprises
"EXPO DECOR, LLC",Expo Decor
Finial Showcase,Finial Showcase
Fireside Lodge,Fireside Lodge
FLAT ROCK FURNITURE,Flat Rock Furniture
FURNITURE DESIGN,Furniture Design
GAUCHO SHEEP & LEATHER,Gaucho Sheep and Leather
Glitzhome Corporation,Glitzhome
Grander Images,Grander Images
Greenbox Art,Greenbox Art
Greenland Trading,Greenland Home Fashions
Guildmaster,Guildmaster
"GW Art Decor, Inc.",GW Art Decor Inc.
HERITAGE LACE,Heritage Lace
HIGH COUNTRY ARTS,High Country Arts
HUGHES PRODUCTS,Hughes Products
Ibolili,Ibolili
IMAX CORPORATION,IMAX Corporation
IRONWOOD INDUSTRIES,Ironwood Industries
"J.L.T. Studios, LLC",J.L.T. Studios LLC
"Jaipur Rugs, Inc.",Jaipur Rugs
"Kalalou, Inc.",Kalalou
"KALCO LIGHTING, LTD.",Kalco
"KAS Oriental Rugs, Inc.",KAS Oriental Rugs Inc.
"KAY DEE DESIGNS, INC.",Kay Dee Designs
Kidz World Furniture,Kidz World Furniture
Kimlor,Kimlor
Lane Boots,Lane Boots
Laural Home,Laural Home
LAZART PRODUCTION,Lazart
Lazyone,LazyOne Inc.
LoLoi,Loloi Rugs
Lorec Ranch Wholesale,Lorec Ranch Wholesale
"M & F WESTERN PRODUCTS, INC.",M & F Western Products
Magnolia Casual,Magnolia Casual
MANUAL WOODWORKERS,Manual Woodworkers
Marshfield Furniture,Marshfield Furniture
"MASON-MALOOF DESIGNS, INC.",Mason Maloof
MATHEWS & CO,Matthews and Co
Mayberry Rugs,Mayberry Rugs
MEISSENBURG DESIGNS,Meissenburg
Merritt International,Merritt International
Mexican Country Imports,MEXICAN COUNTRY IMPORT
MEXPORTS,Mexports Inc.
MEYDA LIGHTING,Meyda Tiffany
"Michaelian Home, Inc.",Michaelian Home Inc.
"Midwest-CBK, LLC",Midwest-CBK
Milliken,Milliken
Mohawk Factoring LLC,Mohawk Goodwin Weavers
Momeni Rugs,Momeni Inc.
Montana West,Montana West
Montana Woodworks,Montana Woodworks
"Mood Dekor, Inc.",Mood Dekor Inc.
Motorhead Products,MotorHead Products
Mountain Mike's Reproductions,Mountain Mike's
MY AMIGOS,My Amigos Imports
NEW WORLD TRADING,New World Trading
NEXT INNOVATIONS,Next Innovations
"OK CASTING, LLC.",OK Casting LLC
OLD HICKORY FURNITURE,Old Hickory
One Hundred 80 degrees,One Hundred 80 degrees
"Open Range, LLC",Open Range
"Orian Rugs, Inc.",Orian Rugs
P GRAHAM DUNN,P. Graham Dunn
PACIFIC COAST,Pacific Coast Lighting
"Paine Products, Inc.",Paine Products
Palmetto Home,Palmetto Home
PARK DESIGN,Park Designs
"PDK World Wide Enterprises, Inc.",PDK Regency
"PEKING HANDICRAFT, INC.",Peking
Pendleton Woolen Mills,Pendleton
Pine Ridge Products LLC,Pine Ridge
Pure Country,Pure Country
RaaKha Imports,Raa Kha
Ramatex International,Ramatex
Red Cabin Pottery,Red Cabin Pottery
Red Horse Signs,Red Horse
Redford Designs,Redford Designs
RIGHTSIDE DESIGN,Rightside Design LLC
RIVERS EDGE PRODUCTS,Rivers Edge Products
Rizzy Home,Rizzy Home
Rowe Pottery Works,Rowe Pottery Works
SADDLEMAN,Saddlemans
Saverio Inc.,Saverio Inc.
Savoy House,Savoy House
Sawdust City,Sawdust City
Sierra Lifestyles,Sierra LifeStyles
Silverado Home,Silverado Home
SIS ENTERPRISES INC,SIS Covers
SKYHAWK,SkyHawk USA World Market
SLEEPYS LOG FURNITURE,Sleepys Cabin Decor
Slifka,Slifka
Sofia's Rustic Furniture,Sofia's Rustic Furniture
SOLSTICE ARTS,Solstice Arts
Songbird Essentials,Songbird Essentials
Southwest Looms,Southwest Looms
STEEL PARTNERS,Steel Partners Inc.
STONE COUNTY,Stone County Ironworks
Stonebriar Collection,Stonebriar Collection
Streamline Inc.,Streamline Inc.
"StyleCraft Home Collection, Inc.",Stylecraft
Sunset Vista Designs,Sunset Vista
SURYA CARPET INC.,Surya
Suzanne Nicoll Studio,Suzanne Nicoll
T. I. DESIGN,T.I. Design
TakeATote LLC,TakeATote LLC
TAOS DRUM COMPANY,Taos Drums
TarHong,TarHong Direct
Tayse International,Tayse Rugs
The Great Company,The Great Company
The Lucky Horse Co,The Lucky Horse Co
The Prairie Schooner,The Prairie Schooner
The Refuge Lifestyle,The Refuge Lifestyle
The Trendsetters    Phoenix,The Trendsetters
"Trans-Ocean Import Co., Inc.",Trans-Ocean Imports
"Trend Lab, LLC",Trend Lab LLC
"Trenditions, LLC",Trenditions
UNISON GIFTS,Unison Gifts Inc.
UNITED WEAVERS,United Weavers
Universal Ironworks Inc,Universal Ironworks Inc
"Upper Deck, LTD",Upper Deck Ltd.
UTAH MOUNTAIN FURNITURE,Utah Mountain Furniture
Uttermost,Uttermost
VAGABOND GROUP,Vagabond
VAXCEL,Vaxcel International
"Veratex, Inc.",Veratex Inc.
VICENZA,Vicenza Designs
VILLAGE WROUGHT IRON,Villiage Wrought Iron
VINTAGE EDITIONS,Vintage Editions
W Kohler Lamps,W. Kohler Lamp Shade Co
Wear NE Wear,Wear NE Wear
Webers Leather,Webers Camo Leather Goods
West Creation,West Creation
West of the Wind Designs,West of the Wind Designs
Westland Giftware,Westland Giftware
Westmoreland,Westmoreland
"Westport Linens, Inc",Westport Linens Inc
WGI Gallery,WGI GALLERY
Whimsies Bead Art,Whimsies
Whitehall Products,Whitehall Products
Wilco Home,Wilco
"Wilco Imports, Inc.",Wilco Imports
WILD WINGS,Wild Wings
Wildwoods Manufacturing,Wildwoods Manufacturing
WOODED RIVER,Wooded River
YORK WALLCOVERINGS,York Wall
Youngs Inc,Young's Inc.
